,Error,Accuracy
Training set,0.2151870319854708,71.31147540983606
Test set,0.21978228981162598,64.81481481481481
