,Error,Accuracy
Training set,0.25543876974131247,49.18032786885246
Test set,0.2564175139458716,50.46296296296296
