,Error,Accuracy
Training set,0.23433589416286474,63.70967741935484
Test set,0.24062093350298094,60.64814814814815
