,Error,Accuracy
Training set,0.26776708417986983,62.1301775147929
Test set,0.24484099338123286,65.97222222222221
